{
    "model_name": "XGBoost Best Model",
    "hyperparameters": {
        "n_estimators": 270,
        "max_depth": 12,
        "learning_rate": 0.095742170086362,
        "subsample": 0.8621142065155597,
        "colsample_bytree": 0.8376894813899407,
        "gamma": 2.5638713099483805,
        "min_child_weight": 5
    },
    "test_performance": {
        "accuracy": 0.9090909090909091,
        "precision_class1": 0.8512396694214877,
        "recall_class1": 0.8803418803418803,
        "f1_class1": 0.865546218487395,
        "roc_auc": 0.9428259683578832
    }
}